dates,MEI
1881-01-31,.148
1881-02-28,.215
1881-03-31,.174
1881-04-30,.082
1881-05-31,-.105
1881-06-30,-.062
1881-07-31,-.153
1881-08-31,-.559
1881-09-30,-.656
1881-10-31,-.389
1881-11-30,-.499
1881-12-31,-.776
1882-01-31,-.598
1882-02-28,-.461
1882-03-31,-.585
1882-04-30,-.799
1882-05-31,-1.028
1882-06-30,-.97
1882-07-31,-.686
1882-08-31,-.436
1882-09-30,-.267
1882-10-31,-.261
1882-11-30,-.379
1882-12-31,-.404
1883-01-31,-.562
1883-02-28,-.628
1883-03-31,-.562
1883-04-30,-.672
1883-05-31,-1.07
1883-06-30,-.898
1883-07-31,-.284
1883-08-31,-.228
1883-09-30,-.314
1883-10-31,-.01
1883-11-30,.004
1883-12-31,-.012
1884-01-31,.094
1884-02-29,.121
1884-03-31,.112
1884-04-30,.369
1884-05-31,.786
1884-06-30,.725
1884-07-31,.368
1884-08-31,.433
1884-09-30,.628
1884-10-31,.525
1884-11-30,.333
1884-12-31,.432
1885-01-31,.639
1885-02-28,.599
1885-03-31,.262
1885-04-30,.247
1885-05-31,.588
1885-06-30,.414
1885-07-31,-.044
1885-08-31,.211
1885-09-30,.506
1885-10-31,.804
1885-11-30,1.216
1885-12-31,.914
1886-01-31,.384
1886-02-28,.112
1886-03-31,.016
1886-04-30,-.103
1886-05-31,-.619
1886-06-30,-1.274
1886-07-31,-1.466
1886-08-31,-1.351
1886-09-30,-1.228
1886-10-31,-1.233
1886-11-30,-1.306
1886-12-31,-1.272
1887-01-31,-1.451
1887-02-28,-1.573
1887-03-31,-1.313
1887-04-30,-1.088
1887-05-31,-1.257
1887-06-30,-.926
1887-07-31,-.066
1887-08-31,.194
1887-09-30,.113
1887-10-31,-.154
1887-11-30,-.314
1887-12-31,-.155
1888-01-31,.036
1888-02-29,.389
1888-03-31,.792
1888-04-30,.948
1888-05-31,.874
1888-06-30,.921
1888-07-31,1.038
1888-08-31,1.34
1888-09-30,1.732
1888-10-31,1.788
1888-11-30,1.723
1888-12-31,1.851
1889-01-31,1.893
1889-02-28,1.865
1889-03-31,1.618
1889-04-30,1.163
1889-05-31,.481
1889-06-30,-.068
1889-07-31,-.555
1889-08-31,-1.192
1889-09-30,-1.494
1889-10-31,-1.534
1889-11-30,-1.532
1889-12-31,-1.451
1890-01-31,-1.53
1890-02-28,-1.731
1890-03-31,-1.584
1890-04-30,-1.456
1890-05-31,-1.55
1890-06-30,-1.564
1890-07-31,-1.406
1890-08-31,-1.264
1890-09-30,-1.186
1890-10-31,-1.006
1890-11-30,-.876
1890-12-31,-.638
1891-01-31,-.557
1891-02-28,-.287
1891-03-31,.17
1891-04-30,.285
1891-05-31,.061
1891-06-30,.128
1891-07-31,.36
1891-08-31,.382
1891-09-30,.192
1891-10-31,.021
1891-11-30,-.097
1891-12-31,-.188
1892-01-31,-.128
1892-02-29,-.184
1892-03-31,-.708
1892-04-30,-1.486
1892-05-31,-1.572
1892-06-30,-1.152
1892-07-31,-1.027
1892-08-31,-1.29
1892-09-30,-1.619
1892-10-31,-1.748
1892-11-30,-1.682
1892-12-31,-1.545
1893-01-31,-1.553
1893-02-28,-1.625
1893-03-31,-1.565
1893-04-30,-1.524
1893-05-31,-1.941
1893-06-30,-2.356
1893-07-31,-2.56
1893-08-31,-2.524
1893-09-30,-2.427
1893-10-31,-2.167
1893-11-30,-1.832
1893-12-31,-1.368
1894-01-31,-1.206
1894-02-28,-1.323
1894-03-31,-1.448
1894-04-30,-1.645
1894-05-31,-1.32
1894-06-30,-.771
1894-07-31,-.92
1894-08-31,-1.018
1894-09-30,-.856
1894-10-31,-.914
1894-11-30,-.799
1894-12-31,-.665
1895-01-31,-.706
1895-02-28,-.775
1895-03-31,-.772
1895-04-30,-.803
1895-05-31,-.83
1895-06-30,-.624
1895-07-31,-.182
1895-08-31,.281
1895-09-30,.453
1895-10-31,.264
1895-11-30,.082
1895-12-31,.044
1896-01-31,-.16
1896-02-29,-.208
1896-03-31,-.065
1896-04-30,-.161
1896-05-31,.066
1896-06-30,.657
1896-07-31,.91
1896-08-31,1.223
1896-09-30,1.484
1896-10-31,1.294
1896-11-30,1.2
1896-12-31,1.418
1897-01-31,1.543
1897-02-28,1.351
1897-03-31,1.15
1897-04-30,1.085
1897-05-31,.876
1897-06-30,.369
1897-07-31,-.031
1897-08-31,-.147
1897-09-30,-.296
1897-10-31,-.449
1897-11-30,-.348
1897-12-31,-.384
1898-01-31,-.461
1898-02-28,-.691
1898-03-31,-.999
1898-04-30,-.896
1898-05-31,-.55
1898-06-30,-.425
1898-07-31,-.307
1898-08-31,-.597
1898-09-30,-1.093
1898-10-31,-.85
1898-11-30,-.312
1898-12-31,-.334
1899-01-31,-.608
1899-02-28,-.694
1899-03-31,-.539
1899-04-30,-.245
1899-05-31,.03
1899-06-30,.182
1899-07-31,.482
1899-08-31,.883
1899-09-30,1.114
1899-10-31,.966
1899-11-30,.906
1899-12-31,1.079
1900-01-31,1.056
1900-02-28,1.05
1900-03-31,1.187
1900-04-30,1.46
1900-05-31,1.713
1900-06-30,1.653
1900-07-31,1.361
1900-08-31,.688
1900-09-30,.314
1900-10-31,.354
1900-11-30,.467
1900-12-31,.438
1901-01-31,.612
1901-02-28,.533
1901-03-31,.156
1901-04-30,-.09
1901-05-31,-.013
1901-06-30,-.062
1901-07-31,-.112
1901-08-31,.074
1901-09-30,-.121
1901-10-31,-.383
1901-11-30,-.576
1901-12-31,-.425
1902-01-31,-.328
1902-02-28,-.256
1902-03-31,.098
1902-04-30,.487
1902-05-31,.955
1902-06-30,1.519
1902-07-31,1.917
1902-08-31,1.591
1902-09-30,1.395
1902-10-31,1.706
1902-11-30,2.039
1902-12-31,1.713
1903-01-31,.925
1903-02-28,.853
1903-03-31,.978
1903-04-30,.606
1903-05-31,-.058
1903-06-30,-.397
1903-07-31,-.46
1903-08-31,-.657
1903-09-30,-.495
1903-10-31,-.504
1903-11-30,-.784
1903-12-31,-.925
1904-01-31,-1.194
1904-02-29,-1.251
1904-03-31,-1.09
1904-04-30,-.924
1904-05-31,-.563
1904-06-30,-.208
1904-07-31,.3
1904-08-31,.657
1904-09-30,.707
1904-10-31,.812
1904-11-30,.743
1904-12-31,.736
1905-01-31,.789
1905-02-28,.893
1905-03-31,1.124
1905-04-30,1.261
1905-05-31,1.129
1905-06-30,1.457
1905-07-31,1.954
1905-08-31,1.869
1905-09-30,1.641
1905-10-31,1.482
1905-11-30,1.221
1905-12-31,1.232
1906-01-31,1.053
1906-02-28,.664
1906-03-31,.512
1906-04-30,.477
1906-05-31,.37
1906-06-30,.169
1906-07-31,-.28
1906-08-31,-.492
1906-09-30,-.792
1906-10-31,-1.184
1906-11-30,-.874
1906-12-31,-.674
1907-01-31,-.828
1907-02-28,-.727
1907-03-31,-.669
1907-04-30,-.89
1907-05-31,-1.016
1907-06-30,-.923
1907-07-31,-.511
1907-08-31,-.008
1907-09-30,.143
1907-10-31,.024
1907-11-30,-.356
1907-12-31,-.466
1908-01-31,-.447
1908-02-29,-.465
1908-03-31,-.644
1908-04-30,-.988
1908-05-31,-1.306
1908-06-30,-1.32
1908-07-31,-.873
1908-08-31,-.672
1908-09-30,-.885
1908-10-31,-1.004
1908-11-30,-1.064
1908-12-31,-1.282
1909-01-31,-1.029
1909-02-28,-.613
1909-03-31,-.677
1909-04-30,-.914
1909-05-31,-.975
1909-06-30,-1.203
1909-07-31,-1.5
1909-08-31,-1.673
1909-09-30,-1.753
1909-10-31,-1.6
1909-11-30,-1.532
1909-12-31,-1.498
1910-01-31,-1.385
1910-02-28,-1.42
1910-03-31,-1.623
1910-04-30,-1.813
1910-05-31,-1.911
1910-06-30,-1.985
1910-07-31,-2.008
1910-08-31,-1.65
1910-09-30,-1.488
1910-10-31,-1.611
1910-11-30,-1.426
1910-12-31,-1.348
1911-01-31,-1.196
1911-02-28,-.728
1911-03-31,-.55
1911-04-30,-1.047
1911-05-31,-1.55
1911-06-30,-1.556
1911-07-31,-.919
1911-08-31,-.05
1911-09-30,.301
1911-10-31,.502
1911-11-30,.744
1911-12-31,.789
1912-01-31,.913
1912-02-29,1.004
1912-03-31,.798
1912-04-30,.619
1912-05-31,.36
1912-06-30,-.306
1912-07-31,-.58
1912-08-31,-.569
1912-09-30,-.285
1912-10-31,.003
1912-11-30,.003
1912-12-31,-.048
1913-01-31,-.019
1913-02-28,.194
1913-03-31,.17
1913-04-30,-.548
1913-05-31,-.944
1913-06-30,-.376
1913-07-31,.056
1913-08-31,.342
1913-09-30,.681
1913-10-31,.531
1913-11-30,.548
1913-12-31,.78
1914-01-31,.805
1914-02-28,.809
1914-03-31,.796
1914-04-30,.604
1914-05-31,.451
1914-06-30,.354
1914-07-31,.613
1914-08-31,1.219
1914-09-30,1.328
1914-10-31,.974
1914-11-30,1.028
1914-12-31,1.257
1915-01-31,1.308
1915-02-28,1.173
1915-03-31,.885
1915-04-30,1.091
1915-05-31,1.556
1915-06-30,1.552
1915-07-31,.983
1915-08-31,.523
1915-09-30,.21
1915-10-31,-.317
1915-11-30,-.688
1915-12-31,-.589
1916-01-31,-.405
1916-02-29,-.675
1916-03-31,-.993
1916-04-30,-.872
1916-05-31,-.851
1916-06-30,-1.053
1916-07-31,-1.498
1916-08-31,-2.099
1916-09-30,-2.173
1916-10-31,-1.773
1916-11-30,-1.678
1916-12-31,-1.899
1917-01-31,-1.915
1917-02-28,-1.764
1917-03-31,-1.606
1917-04-30,-1.572
1917-05-31,-1.745
1917-06-30,-1.713
1917-07-31,-1.127
1917-08-31,-.967
1917-09-30,-1.093
1917-10-31,-1.116
1917-11-30,-1.127
1917-12-31,-1.202
1918-01-31,-1.328
1918-02-28,-1.138
1918-03-31,-.949
1918-04-30,-.787
1918-05-31,-.574
1918-06-30,-.055
1918-07-31,1.046
1918-08-31,1.479
1918-09-30,1.052
1918-10-31,.969
1918-11-30,1.051
1918-12-31,1.158
1919-01-31,1.527
1919-02-28,1.753
1919-03-31,1.538
1919-04-30,1.083
1919-05-31,1.026
1919-06-30,1.279
1919-07-31,1.224
1919-08-31,1.151
1919-09-30,.995
1919-10-31,.81
1919-11-30,.5
1919-12-31,.145
1920-01-31,.265
1920-02-29,.564
1920-03-31,.663
1920-04-30,.567
1920-05-31,.347
1920-06-30,.248
1920-07-31,-.197
1920-08-31,-.342
1920-09-30,-.235
1920-10-31,-.3
1920-11-30,-.054
1920-12-31,.037
1921-01-31,.034
1921-02-28,-.052
1921-03-31,-.638
1921-04-30,-1.124
1921-05-31,-.834
1921-06-30,-.578
1921-07-31,-.605
1921-08-31,-.563
1921-09-30,-.595
1921-10-31,-.617
1921-11-30,-.368
1921-12-31,-.296
1922-01-31,-.483
1922-02-28,-.565
1922-03-31,-.365
1922-04-30,-.044
1922-05-31,.029
1922-06-30,-.223
1922-07-31,-.492
1922-08-31,-.401
1922-09-30,-.37
1922-10-31,-.506
1922-11-30,-.465
1922-12-31,-.691
1923-01-31,-.838
1923-02-28,-.623
1923-03-31,-.517
1923-04-30,-.528
1923-05-31,-.41
1923-06-30,-.035
1923-07-31,.494
1923-08-31,.788
1923-09-30,.895
1923-10-31,.92
1923-11-30,1.021
1923-12-31,.929
1924-01-31,.664
1924-02-29,.409
1924-03-31,.124
1924-04-30,-.216
1924-05-31,-.685
1924-06-30,-1.093
1924-07-31,-1.244
1924-08-31,-1.448
1924-09-30,-1.458
1924-10-31,-.996
1924-11-30,-.845
1924-12-31,-.956
1925-01-31,-.954
1925-02-28,-.79
1925-03-31,-.482
1925-04-30,-.134
1925-05-31,.048
1925-06-30,.025
1925-07-31,.217
1925-08-31,.802
1925-09-30,1.286
1925-10-31,1.511
1925-11-30,1.511
1925-12-31,1.588
1926-01-31,1.407
1926-02-28,1.35
1926-03-31,1.602
1926-04-30,1.71
1926-05-31,1.33
1926-06-30,1.06
1926-07-31,1.067
1926-08-31,.685
1926-09-30,.179
1926-10-31,-.03
1926-11-30,-.025
1926-12-31,-.001
1927-01-31,.014
1927-02-28,.158
1927-03-31,.193
1927-04-30,-.274
1927-05-31,-.399
1927-06-30,-.239
1927-07-31,-.405
1927-08-31,-.195
1927-09-30,.162
1927-10-31,.206
1927-11-30,.376
1927-12-31,.343
1928-01-31,.312
1928-02-29,.476
1928-03-31,.346
1928-04-30,-.001
1928-05-31,-.131
1928-06-30,.071
1928-07-31,.346
1928-08-31,.06
1928-09-30,-.471
1928-10-31,-.466
1928-11-30,-.296
1928-12-31,-.161
1929-01-31,-.064
1929-02-28,-.054
1929-03-31,-.189
1929-04-30,-.237
1929-05-31,.076
1929-06-30,.418
1929-07-31,.557
1929-08-31,.734
1929-09-30,.845
1929-10-31,.677
1929-11-30,.459
1929-12-31,.468
1930-01-31,.506
1930-02-28,.552
1930-03-31,.767
1930-04-30,1.038
1930-05-31,1.199
1930-06-30,1.054
1930-07-31,1.143
1930-08-31,1.395
1930-09-30,1.507
1930-10-31,1.652
1930-11-30,1.723
1930-12-31,1.925
1931-01-31,1.915
1931-02-28,1.855
1931-03-31,1.955
1931-04-30,1.905
1931-05-31,1.496
1931-06-30,.877
1931-07-31,.425
1931-08-31,.262
1931-09-30,.172
1931-10-31,.179
1931-11-30,.248
1931-12-31,.197
1932-01-31,.187
1932-02-29,.276
1932-03-31,.485
1932-04-30,.787
1932-05-31,.964
1932-06-30,.998
1932-07-31,1.114
1932-08-31,1.025
1932-09-30,.483
1932-10-31,-.05
1932-11-30,-.147
1932-12-31,-.023
1933-01-31,-.059
1933-02-28,-.126
1933-03-31,-.396
1933-04-30,-.497
1933-05-31,-.388
1933-06-30,-.671
1933-07-31,-.769
1933-08-31,-.827
1933-09-30,-1.014
1933-10-31,-1.001
1933-11-30,-.987
1933-12-31,-1.093
1934-01-31,-1.251
1934-02-28,-1.214
1934-03-31,-1.007
1934-04-30,-.651
1934-05-31,-.246
1934-06-30,-.074
1934-07-31,-.133
1934-08-31,-.174
1934-09-30,.037
1934-10-31,.114
1934-11-30,-.084
1934-12-31,-.141
1935-01-31,-.197
1935-02-28,-.331
1935-03-31,-.511
1935-04-30,-.508
1935-05-31,-.11
1935-06-30,.096
1935-07-31,-.055
1935-08-31,.017
1935-09-30,.322
1935-10-31,.412
1935-11-30,.364
1935-12-31,.372
1936-01-31,.193
1936-02-29,.156
1936-03-31,.319
1936-04-30,.44
1936-05-31,.513
1936-06-30,.474
1936-07-31,.292
1936-08-31,.249
1936-09-30,.206
1936-10-31,.138
1936-11-30,.258
1936-12-31,.361
1937-01-31,.34
1937-02-28,.206
1937-03-31,.218
1937-04-30,.082
1937-05-31,-.13
1937-06-30,-.277
1937-07-31,-.292
1937-08-31,-.071
1937-09-30,.186
1937-10-31,.26
1937-11-30,.157
1937-12-31,-.081
1938-01-31,-.277
1938-02-28,-.408
1938-03-31,-.477
1938-04-30,-.68
1938-05-31,-.971
1938-06-30,-1.035
1938-07-31,-1.25
1938-08-31,-1.392
1938-09-30,-1.198
1938-10-31,-.787
1938-11-30,-.595
1938-12-31,-.714
1939-01-31,-.786
1939-02-28,-.824
1939-03-31,-.979
1939-04-30,-.93
1939-05-31,-.433
1939-06-30,.033
1939-07-31,.269
1939-08-31,.579
1939-09-30,.877
1939-10-31,.715
1939-11-30,.313
1939-12-31,.313
1940-01-31,.658
1940-02-29,.921
1940-03-31,1.163
1940-04-30,1.419
1940-05-31,1.441
1940-06-30,1.419
1940-07-31,1.352
1940-08-31,1.119
1940-09-30,.988
1940-10-31,.965
1940-11-30,.873
1940-12-31,.967
1941-01-31,1.35
1941-02-28,1.55
1941-03-31,1.793
1941-04-30,2.07
1941-05-31,2.269
1941-06-30,2.001
1941-07-31,1.496
1941-08-31,1.522
1941-09-30,1.514
1941-10-31,1.435
1941-11-30,1.629
1941-12-31,1.605
1942-01-31,1.324
1942-02-28,1.029
1942-03-31,.87
1942-04-30,.798
1942-05-31,.41
1942-06-30,-.262
1942-07-31,-.706
1942-08-31,-.879
1942-09-30,-.908
1942-10-31,-.968
1942-11-30,-1.089
1942-12-31,-1.165
1943-01-31,-1.257
1943-02-28,-1.166
1943-03-31,-.846
1943-04-30,-.463
1943-05-31,-.004
1943-06-30,.375
1943-07-31,.504
1943-08-31,.145
1943-09-30,-.179
1943-10-31,-.363
1943-11-30,-.428
1943-12-31,-.347
1944-01-31,-.289
1944-02-29,-.035
1944-03-31,.22
1944-04-30,.258
1944-05-31,.239
1944-06-30,.161
1944-07-31,.108
1944-08-31,.029
1944-09-30,-.257
1944-10-31,-.273
1944-11-30,-.256
1944-12-31,-.425
1945-01-31,-.395
1945-02-28,-.41
1945-03-31,-.471
1945-04-30,-.425
1945-05-31,-.193
1945-06-30,.024
1945-07-31,-.362
1945-08-31,-.645
1945-09-30,-.462
1945-10-31,-.01
1945-11-30,.234
1945-12-31,-.018
1946-01-31,-.213
1946-02-28,-.247
1946-03-31,-.223
1946-04-30,-.158
1946-05-31,-.214
1946-06-30,-.193
1946-07-31,-.072
1946-08-31,-.043
1946-09-30,.141
1946-10-31,.36
1946-11-30,.33
1946-12-31,.212
1947-01-31,.197
1947-02-28,.111
1947-03-31,-.116
1947-04-30,-.301
1947-05-31,-.382
1947-06-30,-.157
1947-07-31,-.177
1947-08-31,-.476
1947-09-30,-.633
1947-10-31,-.67
1947-11-30,-.541
1947-12-31,-.406
1948-01-31,-.063
1948-02-29,.326
1948-03-31,.606
1948-04-30,.569
1948-05-31,.259
1948-06-30,.18
1948-07-31,.067
1948-08-31,-.042
1948-09-30,-.027
1948-10-31,-.083
1948-11-30,-.279
1948-12-31,-.175
1949-01-31,.066
1949-02-28,-.063
1949-03-31,-.252
1949-04-30,-.133
1949-05-31,.194
1949-06-30,.007
1949-07-31,-.519
1949-08-31,-.698
1949-09-30,-.611
1949-10-31,-.726
1949-11-30,-.957
1949-12-31,-.924
1950-01-31,-.941
1950-02-28,-1.131
1950-03-31,-1.347
1950-04-30,-1.377
1950-05-31,-1.282
1950-06-30,-1.232
1950-07-31,-1.538
1950-08-31,-1.797
1950-09-30,-1.433
1950-10-31,-1.03
1950-11-30,-1.109
1950-12-31,-1.378
1951-01-31,-1.264
1951-02-28,-1.18
1951-03-31,-1.176
1951-04-30,-.795
1951-05-31,-.13
1951-06-30,.382
1951-07-31,.782
1951-08-31,1.116
1951-09-30,1.233
1951-10-31,1.04
1951-11-30,.867
1951-12-31,.738
1952-01-31,.613
1952-02-29,.565
1952-03-31,.449
1952-04-30,.437
1952-05-31,.434
1952-06-30,.017
1952-07-31,-.303
1952-08-31,-.251
1952-09-30,.004
1952-10-31,.178
1952-11-30,-.035
1952-12-31,-.119
1953-01-31,.154
1953-02-28,.403
1953-03-31,.59
1953-04-30,.69
1953-05-31,.758
1953-06-30,.581
1953-07-31,.31
1953-08-31,.447
1953-09-30,.778
1953-10-31,.568
1953-11-30,.104
1953-12-31,.138
1954-01-31,.103
1954-02-28,-.137
1954-03-31,-.024
1954-04-30,.137
1954-05-31,-.065
1954-06-30,-.419
1954-07-31,-.838
1954-08-31,-1.041
1954-09-30,-.962
1954-10-31,-.954
1954-11-30,-1.049
1954-12-31,-1.155
1955-01-31,-.955
1955-02-28,-.858
1955-03-31,-1.147
1955-04-30,-1.292
1955-05-31,-1.497
1955-06-30,-1.887
1955-07-31,-1.749
1955-08-31,-1.543
1955-09-30,-1.647
1955-10-31,-1.96
1955-11-30,-2.081
1955-12-31,-1.965
1956-01-31,-1.763
1956-02-29,-1.614
1956-03-31,-1.532
1956-04-30,-1.329
1956-05-31,-1.366
1956-06-30,-1.538
1956-07-31,-1.371
1956-08-31,-.898
1956-09-30,-.754
1956-10-31,-.95
1956-11-30,-1.076
1956-12-31,-.947
1957-01-31,-.736
1957-02-28,-.387
1957-03-31,.049
1957-04-30,.41
1957-05-31,.792
1957-06-30,1.371
1957-07-31,1.628
1957-08-31,1.551
1957-09-30,1.436
1957-10-31,1.152
1957-11-30,1.157
1957-12-31,1.312
1958-01-31,1.478
1958-02-28,1.549
1958-03-31,1.505
1958-04-30,1.38
1958-05-31,1.5
1958-06-30,1.602
1958-07-31,1.419
1958-08-31,1.02
1958-09-30,.604
1958-10-31,.424
1958-11-30,.373
1958-12-31,.534
1959-01-31,.639
1959-02-28,.747
1959-03-31,.86
1959-04-30,.748
1959-05-31,.797
1959-06-30,.864
1959-07-31,.549
1959-08-31,.308
1959-09-30,.232
1959-10-31,.142
1959-11-30,.048
1959-12-31,-.125
1960-01-31,-.07
1960-02-29,.073
1960-03-31,.106
1960-04-30,.167
1960-05-31,.177
1960-06-30,.071
1960-07-31,-.078
1960-08-31,-.303
1960-09-30,-.253
1960-10-31,-.256
1960-11-30,-.286
1960-12-31,-.197
1961-01-31,-.011
1961-02-28,.016
1961-03-31,-.065
1961-04-30,.156
1961-05-31,.273
1961-06-30,.193
1961-07-31,.087
1961-08-31,.108
1961-09-30,.006
1961-10-31,-.396
1961-11-30,-.508
1961-12-31,-.526
1962-01-31,-.894
1962-02-28,-.891
1962-03-31,-.434
1962-04-30,-.436
1962-05-31,-.975
1962-06-30,-.894
1962-07-31,-.408
1962-08-31,-.408
1962-09-30,-.534
1962-10-31,-.59
1962-11-30,-.616
1962-12-31,-.3
1963-01-31,-.371
1963-02-28,-.579
1963-03-31,-.461
1963-04-30,-.233
1963-05-31,.037
1963-06-30,.232
1963-07-31,.508
1963-08-31,.91
1963-09-30,1.059
1963-10-31,1.11
1963-11-30,1.07
1963-12-31,.974
1964-01-31,.933
1964-02-29,.73
1964-03-31,.25
1964-04-30,-.349
1964-05-31,-.827
1964-06-30,-1.093
1964-07-31,-1.277
1964-08-31,-1.289
1964-09-30,-1.191
1964-10-31,-1.171
1964-11-30,-1.059
1964-12-31,-.895
1965-01-31,-.66
1965-02-28,-.333
1965-03-31,-.132
1965-04-30,.076
1965-05-31,.519
1965-06-30,1.025
1965-07-31,1.363
1965-08-31,1.731
1965-09-30,1.73
1965-10-31,1.42
1965-11-30,1.523
1965-12-31,1.726
1966-01-31,1.682
1966-02-28,1.526
1966-03-31,1.213
1966-04-30,.889
1966-05-31,.823
1966-06-30,.648
1966-07-31,.357
1966-08-31,.264
1966-09-30,.076
1966-10-31,-.05
1966-11-30,.07
1966-12-31,.023
1967-01-31,-.208
1967-02-28,-.501
1967-03-31,-.753
1967-04-30,-.727
1967-05-31,-.55
1967-06-30,-.582
1967-07-31,-.741
1967-08-31,-.828
1967-09-30,-.837
1967-10-31,-.785
1967-11-30,-.591
1967-12-31,-.372
1968-01-31,-.456
1968-02-29,-.62
1968-03-31,-.658
1968-04-30,-.759
1968-05-31,-.733
1968-06-30,-.525
1968-07-31,-.544
1968-08-31,-.338
1968-09-30,.204
1968-10-31,.619
1968-11-30,.726
1968-12-31,.655
1969-01-31,.755
1969-02-28,1.04
1969-03-31,1.027
1969-04-30,.941
1969-05-31,1.092
1969-06-30,1.219
1969-07-31,1.077
1969-08-31,.906
1969-09-30,.857
1969-10-31,.831
1969-11-30,.76
1969-12-31,.744
1970-01-31,.675
1970-02-28,.575
1970-03-31,.439
1970-04-30,.309
1970-05-31,.09
1970-06-30,-.501
1970-07-31,-1.153
1970-08-31,-1.347
1970-09-30,-1.228
1970-10-31,-1.1
1970-11-30,-1.06
1970-12-31,-1.128
1971-01-31,-1.281
1971-02-28,-1.563
1971-03-31,-1.873
1971-04-30,-1.979
1971-05-31,-1.764
1971-06-30,-1.534
1971-07-31,-1.304
1971-08-31,-1.041
1971-09-30,-1.296
1971-10-31,-1.398
1971-11-30,-1.102
1971-12-31,-.986
1972-01-31,-.651
1972-02-29,-.258
1972-03-31,-.146
1972-04-30,.08
1972-05-31,.751
1972-06-30,1.546
1972-07-31,2.087
1972-08-31,2.209
1972-09-30,2.068
1972-10-31,1.88
1972-11-30,1.844
1972-12-31,2.008
1973-01-31,2.023
1973-02-28,1.756
1973-03-31,1.303
1973-04-30,.743
1973-05-31,.154
1973-06-30,-.52
1973-07-31,-1.077
1973-08-31,-1.363
1973-09-30,-1.664
1973-10-31,-1.742
1973-11-30,-1.591
1973-12-31,-1.768
1974-01-31,-2.024
1974-02-28,-2.188
1974-03-31,-2.088
1974-04-30,-1.802
1974-05-31,-1.241
1974-06-30,-.821
1974-07-31,-.976
1974-08-31,-.858
1974-09-30,-.543
1974-10-31,-.815
1974-11-30,-1.094
1974-12-31,-1.033
1975-01-31,-.703
1975-02-28,-.479
1975-03-31,-.625
1975-04-30,-.953
1975-05-31,-1.083
1975-06-30,-1.168
1975-07-31,-1.408
1975-08-31,-1.744
1975-09-30,-2.055
1975-10-31,-2.27
1975-11-30,-2.19
1975-12-31,-1.909
1976-01-31,-1.764
1976-02-29,-1.626
1976-03-31,-1.459
1976-04-30,-1.289
1976-05-31,-.777
1976-06-30,-.007
1976-07-31,.674
1976-08-31,.771
1976-09-30,.948
1976-10-31,1.272
1976-11-30,.982
1976-12-31,.731
1977-01-31,.71
1977-02-28,.651
1977-03-31,.548
1977-04-30,.558
1977-05-31,.511
1977-06-30,.421
1977-07-31,.641
1977-08-31,.749
1977-09-30,.715
1977-10-31,.831
1977-11-30,1.01
1977-12-31,1.112
1978-01-31,.939
1978-02-28,.846
1978-03-31,.895
1978-04-30,.57
1978-05-31,.023
1978-06-30,-.235
1978-07-31,-.137
1978-08-31,.19
1978-09-30,-.056
1978-10-31,-.142
1978-11-30,.39
1978-12-31,.626
1979-01-31,.577
1979-02-28,.402
1979-03-31,.132
1979-04-30,.164
1979-05-31,.623
1979-06-30,.637
1979-07-31,.346
1979-08-31,.584
1979-09-30,.876
1979-10-31,.818
1979-11-30,.831
1979-12-31,1.012
1980-01-31,1.014
1980-02-29,.813
1980-03-31,.832
1980-04-30,1.167
1980-05-31,1.249
1980-06-30,.919
1980-07-31,.783
1980-08-31,.689
1980-09-30,.411
1980-10-31,.336
1980-11-30,.226
1980-12-31,.189
1981-01-31,-.087
1981-02-28,-.337
1981-03-31,-.128
1981-04-30,.362
1981-05-31,.29
1981-06-30,.013
1981-07-31,-.096
1981-08-31,-.076
1981-09-30,.082
1981-10-31,.201
1981-11-30,.177
1981-12-31,.064
1982-01-31,.077
1982-02-28,.019
1982-03-31,.107
1982-04-30,.44
1982-05-31,.949
1982-06-30,1.48
1982-07-31,1.768
1982-08-31,1.841
1982-09-30,1.871
1982-10-31,2.254
1982-11-30,2.593
1982-12-31,2.777
1983-01-31,3.08
1983-02-28,3.31
1983-03-31,3.349
1983-04-30,3.084
1983-05-31,2.665
1983-06-30,2.337
1983-07-31,1.922
1983-08-31,1.155
1983-09-30,.462
1983-10-31,.105
1983-11-30,-.099
1983-12-31,.054
1984-01-31,.054
1984-02-29,-.166
1984-03-31,-.192
1984-04-30,.096
1984-05-31,-.052
1984-06-30,-.402
1984-07-31,-.416
1984-08-31,-.365
1984-09-30,-.214
1984-10-31,-.102
1984-11-30,-.359
1984-12-31,-.66
1985-01-31,-.744
1985-02-28,-.777
1985-03-31,-.863
1985-04-30,-.772
1985-05-31,-.791
1985-06-30,-.533
1985-07-31,-.102
1985-08-31,-.365
1985-09-30,-.601
1985-10-31,-.257
1985-11-30,.015
1985-12-31,-.151
1986-01-31,-.278
1986-02-28,-.228
1986-03-31,-.087
1986-04-30,-.004
1986-05-31,.141
1986-06-30,.319
1986-07-31,.377
1986-08-31,.736
1986-09-30,1.147
1986-10-31,1.198
1986-11-30,1.237
1986-12-31,1.342
1987-01-31,1.38
1987-02-28,1.529
1987-03-31,1.883
1987-04-30,2.171
1987-05-31,2.162
1987-06-30,2.069
1987-07-31,2.2
1987-08-31,2.343
1987-09-30,2.054
1987-10-31,1.824
1987-11-30,1.575
1987-12-31,1.49
1988-01-31,1.387
1988-02-29,1.02
1988-03-31,.703
1988-04-30,.429
1988-05-31,-.047
1988-06-30,-.735
1988-07-31,-1.416
1988-08-31,-1.704
1988-09-30,-1.783
1988-10-31,-1.76
1988-11-30,-1.778
1988-12-31,-1.67
1989-01-31,-1.468
1989-02-28,-1.33
1989-03-31,-1.198
1989-04-30,-1.143
1989-05-31,-1.124
1989-06-30,-1.027
1989-07-31,-.951
1989-08-31,-.637
1989-09-30,-.35
1989-10-31,-.389
1989-11-30,-.33
1989-12-31,.001
1990-01-31,.225
1990-02-28,.462
1990-03-31,.742
1990-04-30,.723
1990-05-31,.531
1990-06-30,.422
1990-07-31,.352
1990-08-31,.147
1990-09-30,.257
1990-10-31,.454
1990-11-30,.382
1990-12-31,.298
1991-01-31,.407
1991-02-28,.413
1991-03-31,.493
1991-04-30,.763
1991-05-31,1.014
1991-06-30,1.184
1991-07-31,1.102
1991-08-31,.553
1991-09-30,.296
1991-10-31,.8
1991-11-30,1.257
1991-12-31,1.45
1992-01-31,1.857
1992-02-29,2.039
1992-03-31,2.052
1992-04-30,2.289
1992-05-31,2.404
1992-06-30,2.293
1992-07-31,1.742
1992-08-31,.723
1992-09-30,.464
1992-10-31,.751
1992-11-30,.765
1992-12-31,.808
1993-01-31,.925
1993-02-28,1.049
1993-03-31,1.177
1993-04-30,1.44
1993-05-31,1.86
1993-06-30,1.835
1993-07-31,1.228
1993-08-31,.724
1993-09-30,.795
1993-10-31,1.186
1993-11-30,1.158
1993-12-31,.784
1994-01-31,.644
1994-02-28,.422
1994-03-31,.278
1994-04-30,.646
1994-05-31,1.011
1994-06-30,.992
1994-07-31,.885
1994-08-31,.731
1994-09-30,.796
1994-10-31,1.355
1994-11-30,1.447
1994-12-31,1.319
1995-01-31,1.337
1995-02-28,1.196
1995-03-31,.935
1995-04-30,.83
1995-05-31,.94
1995-06-30,.813
1995-07-31,.483
1995-08-31,.258
1995-09-30,-.081
1995-10-31,-.274
1995-11-30,-.407
1995-12-31,-.432
1996-01-31,-.437
1996-02-29,-.421
1996-03-31,-.348
1996-04-30,-.361
1996-05-31,-.435
1996-06-30,-.272
1996-07-31,-.214
1996-08-31,-.218
1996-09-30,-.22
1996-10-31,-.327
1996-11-30,-.213
1996-12-31,-.203
1997-01-31,-.453
1997-02-28,-.577
1997-03-31,-.323
1997-04-30,.529
1997-05-31,1.61
1997-06-30,2.602
1997-07-31,3.12
1997-08-31,3.181
1997-09-30,3.168
1997-10-31,3.214
1997-11-30,3.201
1997-12-31,3.022
1998-01-31,2.822
1998-02-28,2.823
1998-03-31,2.944
1998-04-30,2.821
1998-05-31,2.336
1998-06-30,1.355
1998-07-31,.18
1998-08-31,-.731
1998-09-30,-.863
1998-10-31,-.759
1998-11-30,-.857
1998-12-31,-.973
1999-01-31,-1.108
1999-02-28,-1.231
1999-03-31,-1.121
1999-04-30,-1.098
1999-05-31,-1.187
1999-06-30,-.975
1999-07-31,-.826
1999-08-31,-.801
1999-09-30,-.727
1999-10-31,-.847
1999-11-30,-1.045
1999-12-31,-1.182
2000-01-31,-1.255
2000-02-29,-1.295
2000-03-31,-1.319
2000-04-30,-1.168
2000-05-31,-.96
2000-06-30,-.711
2000-07-31,-.479
2000-08-31,-.298
2000-09-30,-.113
2000-10-31,-.109
2000-11-30,-.397
2000-12-31,-.642